n,d,s,seed,case,sketch_err_logits_hs,sketch_err_output_hs,fp_err_logits_hs,fp_err_output_hs,total_err_logits_hs,total_err_output_hs,ref_logits_hs,ref_output_hs,runtime_ms
64,32,8,0,full_fp32_sk8,119.92464272628136,14.652477893957734,1.661380068599164e-05,4.911965836145029e-06,119.9246451863573,14.65247821737303,63.87173941517065,9.457262606910298,0.8666310022817925
64,32,16,0,full_fp32_sk16,92.35684920524577,13.270264207766484,1.7726211976808857e-05,4.914696901173464e-06,92.356850385666,13.270264446918942,63.87173941517065,9.457262606910298,0.21442699653562158
64,32,24,0,full_fp32_sk24,69.65250453304137,9.104353545979704,1.3956724271861366e-05,4.1814467305519786e-06,69.65250551434104,9.1043541718231,63.87173941517065,9.457262606910298,0.24559400480939075
64,32,32,0,full_fp32_sk32,70.78445917532757,9.067375439285328,1.3908348942638498e-05,3.718990237745508e-06,70.78446021112804,9.067376025864021,63.87173941517065,9.457262606910298,0.21625200315611437
64,32,8,0,full_fp16_sk8,119.92464272628136,14.652477893957734,0.07494250269815236,0.018948402188828553,119.9231635515358,14.65261803395966,63.87173941517065,9.457262606910298,0.5711410049116239
64,32,16,0,full_fp16_sk16,92.35684920524577,13.270264207766484,0.061160746374013655,0.01666858544118861,92.34929342353237,13.268150774730607,63.87173941517065,9.457262606910298,0.5805090040666983
64,32,24,0,full_fp16_sk24,69.65250453304137,9.104353545979704,0.05092556196956714,0.0131432108955205,69.65208503303434,9.102788854472301,63.87173941517065,9.457262606910298,0.585524998314213
64,32,32,0,full_fp16_sk32,70.78445917532757,9.067375439285328,0.04967970423854666,0.01225843521109146,70.78723052406585,9.067454525625074,63.87173941517065,9.457262606910298,1.012036002066452
64,32,8,0,mixed_fp16_sk8,119.92464272628136,14.652477893957734,0.06358245399193238,0.01290504973669685,119.92256970945256,14.65100766791552,63.87173941517065,9.457262606910298,0.4067940026288852
64,32,16,0,mixed_fp16_sk16,92.35684920524577,13.270264207766484,0.05145590132923992,0.010244112482656446,92.34834651350252,13.268082743805598,63.87173941517065,9.457262606910298,0.3472500029602088
64,32,24,0,mixed_fp16_sk24,69.65250453304137,9.104353545979704,0.04300564810324988,0.008008105298171917,69.65262401347968,9.103558904017948,63.87173941517065,9.457262606910298,0.6231439983821474
64,32,32,0,mixed_fp16_sk32,70.78445917532757,9.067375439285328,0.04132405833401347,0.007373121313566697,70.78555657083567,9.066725014273766,63.87173941517065,9.457262606910298,4.434533999301493
64,32,8,0,fp8_store_sk8,119.92464272628136,14.652477893957734,7.9529174239981275,1.548637155949176,120.80668270906858,14.771643770132206,63.87173941517065,9.457262606910298,1.4498419986921363
64,32,16,0,fp8_store_sk16,92.35684920524577,13.270264207766484,6.882170356409202,1.2654701628251523,91.48600473820044,13.271903921411985,63.87173941517065,9.457262606910298,1.6170449962373823
64,32,24,0,fp8_store_sk24,69.65250453304137,9.104353545979704,5.204787789560655,1.0379735430086108,69.59011640268918,9.099207267748096,63.87173941517065,9.457262606910298,1.6877179950824939
64,32,32,0,fp8_store_sk32,70.78445917532757,9.067375439285328,5.050729602049309,0.9903059052002685,71.14999651401321,9.037110125264594,63.87173941517065,9.457262606910298,3.2235390026471578
64,32,8,1,full_fp32_sk8,142.35708173286048,18.368839848507285,1.872189035182602e-05,6.7609642865171335e-06,142.35708197696897,18.368839805730357,61.86587750590697,8.937342817189132,1.8915199980256148
64,32,16,1,full_fp32_sk16,84.24265280223557,10.441816911196359,1.4559722895436193e-05,3.6484018100489438e-06,84.24265448627816,10.441817543887122,61.86587750590697,8.937342817189132,1.108516997192055
64,32,24,1,full_fp32_sk24,74.02653603308909,10.468085353369261,1.3991613228900909e-05,3.609454001893727e-06,74.02653685555087,10.468085043257048,61.86587750590697,8.937342817189132,0.40839900611899793
64,32,32,1,full_fp32_sk32,68.3134645341036,8.544726597694519,1.454121491915105e-05,4.2946374482639455e-06,68.3134665629254,8.544727227205968,61.86587750590697,8.937342817189132,0.3084799973294139
64,32,8,1,full_fp16_sk8,142.35708173286048,18.368839848507285,0.08923612216413103,0.028397226898019448,142.35501118490956,18.365492944120337,61.86587750590697,8.937342817189132,0.5921869960729964
64,32,16,1,full_fp16_sk16,84.24265280223557,10.441816911196359,0.05303842905892398,0.013291253272014447,84.24853103091823,10.443907927338275,61.86587750590697,8.937342817189132,0.5834749972564168
64,32,24,1,full_fp16_sk24,74.02653603308909,10.468085353369261,0.05236662621297676,0.012291491523026606,74.02633062726487,10.469549375912603,61.86587750590697,8.937342817189132,0.7167570001911372
64,32,32,1,full_fp16_sk32,68.3134645341036,8.544726597694519,0.04829192026820915,0.010703882876450653,68.31306404578395,8.54583141479417,61.86587750590697,8.937342817189132,0.6492620013887063
64,32,8,1,mixed_fp16_sk8,142.35708173286048,18.368839848507285,0.0755252592601304,0.01698603116525098,142.3567703649228,18.367171838293903,61.86587750590697,8.937342817189132,0.48226000217255205
64,32,16,1,mixed_fp16_sk16,84.24265280223557,10.441816911196359,0.04422800110412331,0.0072410331265832795,84.24764395695173,10.442652576133684,61.86587750590697,8.937342817189132,0.2804520045174286
64,32,24,1,mixed_fp16_sk24,74.02653603308909,10.468085353369261,0.043930521855344795,0.0079725828784921,74.02654800896772,10.467180284082433,61.86587750590697,8.937342817189132,0.45176900312071666
64,32,32,1,mixed_fp16_sk32,68.3134645341036,8.544726597694519,0.03953365011182198,0.007483061286051061,68.31212182157736,8.545432815142714,61.86587750590697,8.937342817189132,1.0486370010767132
64,32,8,1,fp8_store_sk8,142.35708173286048,18.368839848507285,9.919397263895847,2.2472576888622466,140.42296280837806,18.130583378213025,61.86587750590697,8.937342817189132,0.7235279990709387
64,32,16,1,fp8_store_sk16,84.24265280223557,10.441816911196359,5.639178085558331,0.995497986434616,83.62057844972138,10.493933389813385,61.86587750590697,8.937342817189132,1.2843309959862381
64,32,24,1,fp8_store_sk24,74.02653603308909,10.468085353369261,5.4515420559132775,0.9624519506989948,73.74530714525108,10.599791643535122,61.86587750590697,8.937342817189132,1.4444550033658743
64,32,32,1,fp8_store_sk32,68.3134645341036,8.544726597694519,5.07125052481356,0.931264839881403,67.86175526340178,8.454287874463105,61.86587750590697,8.937342817189132,1.9320950013934635
64,32,8,2,full_fp32_sk8,106.67362306247345,13.443976459908964,1.6153436329833232e-05,4.0975221555505775e-06,106.67362637074308,13.443976633695277,61.57011564292618,8.01745943188246,0.6925710040377453
64,32,16,2,full_fp32_sk16,95.98324965069384,17.467059302124458,1.6769346329116127e-05,5.666779393753262e-06,95.98325030225475,17.467058873971634,61.57011564292618,8.01745943188246,0.3136199957225472
64,32,24,2,full_fp32_sk24,71.6447576598948,9.570506821033618,1.3642857084923906e-05,3.8263837790683785e-06,71.64475981977974,9.570506913370119,61.57011564292618,8.01745943188246,0.21336699865059927
64,32,32,2,full_fp32_sk32,59.851997261041916,7.982144057849921,1.3548260785485666e-05,4.087555658650224e-06,59.85199815534714,7.982144419011905,61.57011564292618,8.01745943188246,0.22330299543682486
64,32,8,2,full_fp16_sk8,106.67362306247345,13.443976459908964,0.06701669469947816,0.02051215363117275,106.67660108166781,13.445741651768763,61.57011564292618,8.01745943188246,0.5030769971199334
64,32,16,2,full_fp16_sk16,95.98324965069384,17.467059302124458,0.06401426009903405,0.022078654304548476,95.98597190827142,17.470147394370176,61.57011564292618,8.01745943188246,1.3888100002077408
64,32,24,2,full_fp16_sk24,71.6447576598948,9.570506821033618,0.04919777110291383,0.012931811593460671,71.64197186406324,9.570887148299931,61.57011564292618,8.01745943188246,0.5938719987170771
64,32,32,2,full_fp16_sk32,59.851997261041916,7.982144057849921,0.044987723220548705,0.012441798026829206,59.85178226944944,7.98111011406579,61.57011564292618,8.01745943188246,0.9423059964319691
64,32,8,2,mixed_fp16_sk8,106.67362306247345,13.443976459908964,0.05821022342549584,0.013197705777066193,106.67628302605489,13.445859381114872,61.57011564292618,8.01745943188246,0.560236003366299
64,32,16,2,mixed_fp16_sk16,95.98324965069384,17.467059302124458,0.053688956331102294,0.012545071670192245,95.98371001902684,17.46825225095601,61.57011564292618,8.01745943188246,0.6247380006243475
64,32,24,2,mixed_fp16_sk24,71.6447576598948,9.570506821033618,0.04181172070254484,0.007571580325163869,71.64287258963151,9.570094147491355,61.57011564292618,8.01745943188246,0.8682650004629977
64,32,32,2,mixed_fp16_sk32,59.851997261041916,7.982144057849921,0.03731427336817829,0.006584232118718007,59.85264223612997,7.981834159786715,61.57011564292618,8.01745943188246,0.6457279960159212
64,32,8,2,fp8_store_sk8,106.67362306247345,13.443976459908964,7.699918925871748,1.4396295035181617,105.4583270521685,13.11915203470428,61.57011564292618,8.01745943188246,0.9198639963869937
64,32,16,2,fp8_store_sk16,95.98324965069384,17.467059302124458,6.9348239116487465,1.5049551584322565,95.48825064166765,17.536513007342613,61.57011564292618,8.01745943188246,1.6085430033854209
64,32,24,2,fp8_store_sk24,71.6447576598948,9.570506821033618,5.362038533839573,1.0149533952968812,71.11037736248944,9.452876936573926,61.57011564292618,8.01745943188246,1.9324230015627109
64,32,32,2,fp8_store_sk32,59.851997261041916,7.982144057849921,4.708559801480016,0.8319186965562148,59.19014344236781,7.928669987335667,61.57011564292618,8.01745943188246,2.76467899675481
64,64,8,0,full_fp32_sk8,175.77133665791874,32.660958301469336,2.8718518252290866e-05,1.195835414104994e-05,175.77134065711596,32.66095901433175,63.11796325309083,12.595322125543614,0.6915400008438155
64,64,16,0,full_fp32_sk16,118.02630342700623,22.890009713007185,2.843471546461517e-05,1.1713272186265874e-05,118.02630301176816,22.890009297780153,63.11796325309083,12.595322125543614,0.4252220023772679
64,64,24,0,full_fp32_sk24,112.9996820253737,23.366200732304552,2.4730484546378395e-05,9.881919168752432e-06,112.99968160773933,23.366198261647078,63.11796325309083,12.595322125543614,0.17055200441973284
64,64,32,0,full_fp32_sk32,93.56988247989138,18.651242419426108,2.2834373873986263e-05,1.0295862576996584e-05,93.56988271666847,18.651242448003767,63.11796325309083,12.595322125543614,0.47030599671415985
64,64,8,0,full_fp16_sk8,175.77133665791874,32.660958301469336,0.10126477428711282,0.036520590024912196,175.76541121885077,32.66060502023945,63.11796325309083,12.595322125543614,1.1514709985931404
64,64,16,0,full_fp16_sk16,118.02630342700623,22.890009713007185,0.0698362649424675,0.025090372883205016,118.03103433411208,22.891165214891192,63.11796325309083,12.595322125543614,1.0881389971473254
64,64,24,0,full_fp16_sk24,112.9996820253737,23.366200732304552,0.06576042812316028,0.02249741787130482,113.00260254652672,23.36721247616557,63.11796325309083,12.595322125543614,1.198311998450663
64,64,32,0,full_fp16_sk32,93.56988247989138,18.651242419426108,0.055786974042972164,0.02661850899409835,93.56902880795454,18.65305296635917,63.11796325309083,12.595322125543614,1.203494000947103
64,64,8,0,mixed_fp16_sk8,175.77133665791874,32.660958301469336,0.09332384312932934,0.02693004496905349,175.7642708907343,32.66134832412696,63.11796325309083,12.595322125543614,0.7886630046414211
64,64,16,0,mixed_fp16_sk16,118.02630342700623,22.890009713007185,0.06398441109152629,0.019346866804493348,118.03120700961443,22.890079256683528,63.11796325309083,12.595322125543614,0.5809440044686198
64,64,24,0,mixed_fp16_sk24,112.9996820253737,23.366200732304552,0.0597323989880969,0.015572656563405231,113.00280154329708,23.366041910390944,63.11796325309083,12.595322125543614,0.8254929998656735
64,64,32,0,mixed_fp16_sk32,93.56988247989138,18.651242419426108,0.050936821261141026,0.01723040770447247,93.56876572126812,18.653600281275356,63.11796325309083,12.595322125543614,0.7379110029432923
64,64,8,0,fp8_store_sk8,175.77133665791874,32.660958301469336,12.11702558009874,3.118709945084203,176.11023629505686,32.75586205663872,63.11796325309083,12.595322125543614,3.3858220049296506
64,64,16,0,fp8_store_sk16,118.02630342700623,22.890009713007185,8.445097784945016,2.8365096566960513,117.74226764555021,23.027794814562377,63.11796325309083,12.595322125543614,3.3221170015167445
64,64,24,0,fp8_store_sk24,112.9996820253737,23.366200732304552,7.573114253185077,2.579177669424916,112.7497940536427,23.117521846137564,63.11796325309083,12.595322125543614,4.843973998504225
64,64,32,0,fp8_store_sk32,93.56988247989138,18.651242419426108,6.759953152709708,2.0843238354620777,93.09382564953118,18.486397203481296,63.11796325309083,12.595322125543614,6.510184997750912
64,64,8,1,full_fp32_sk8,173.6235474163574,33.45672004898814,3.081422941544436e-05,1.398249281003505e-05,173.6235450607089,33.45671811479401,62.43388823895861,12.430217540618825,0.8916529986890964
64,64,16,1,full_fp32_sk16,114.02141622178851,26.964468773318398,2.5922438233404772e-05,1.1349424450031145e-05,114.02141628045331,26.964469925692217,62.43388823895861,12.430217540618825,0.43991200072923675
64,64,24,1,full_fp32_sk24,108.38731278912697,21.93353323523412,2.319865681422245e-05,1.0689181792062078e-05,108.38731327075715,21.933531474576544,62.43388823895861,12.430217540618825,0.40303200512425974
64,64,32,1,full_fp32_sk32,94.57492289942971,19.16677435029567,2.4296409552499915e-05,1.0911416049070552e-05,94.57492375901046,19.16677497197239,62.43388823895861,12.430217540618825,0.9260020015062764
64,64,8,1,full_fp16_sk8,173.6235474163574,33.45672004898814,0.10244243764964354,0.04436420790913219,173.61968034111547,33.45167473863689,62.43388823895861,12.430217540618825,0.9874829993350431
64,64,16,1,full_fp16_sk16,114.02141622178851,26.964468773318398,0.06584950269761944,0.02704662464218561,114.02218912812147,26.967921128043077,62.43388823895861,12.430217540618825,1.591348998772446
64,64,24,1,full_fp16_sk24,108.38731278912697,21.93353323523412,0.06332806647383106,0.02486622839627529,108.38334408188129,21.928074605865117,62.43388823895861,12.430217540618825,1.0789090010803193
64,64,32,1,full_fp16_sk32,94.57492289942971,19.16677435029567,0.05787450639142268,0.021252625849119255,94.57776216422313,19.164355573440446,62.43388823895861,12.430217540618825,1.6463049978483468
64,64,8,1,mixed_fp16_sk8,173.6235474163574,33.45672004898814,0.09490468953744502,0.033601490485076296,173.61814671770145,33.453833169708744,62.43388823895861,12.430217540618825,0.47998499940149486
64,64,16,1,mixed_fp16_sk16,114.02141622178851,26.964468773318398,0.06067433478031246,0.01776162468344999,114.02215508556124,26.964585727933777,62.43388823895861,12.430217540618825,0.4434240036061965
64,64,24,1,mixed_fp16_sk24,108.38731278912697,21.93353323523412,0.05701124099054828,0.01629180936428622,108.38344450584707,21.93072644745636,62.43388823895861,12.430217540618825,0.8713120041647926
64,64,32,1,mixed_fp16_sk32,94.57492289942971,19.16677435029567,0.05277199317255554,0.014280789297373466,94.57883319471748,19.16727679148746,62.43388823895861,12.430217540618825,1.01585200172849
64,64,8,1,fp8_store_sk8,173.6235474163574,33.45672004898814,12.222228713209088,4.126713358521966,173.95473005792414,33.60701771250731,62.43388823895861,12.430217540618825,2.0292259941925295
64,64,16,1,fp8_store_sk16,114.02141622178851,26.964468773318398,7.769671770257041,2.354223150560049,113.29581018605325,26.83463749326546,62.43388823895861,12.430217540618825,6.165523998788558
64,64,24,1,fp8_store_sk24,108.38731278912697,21.93353323523412,7.469648259738605,2.5818251892990465,107.8365428370803,22.010511849377497,62.43388823895861,12.430217540618825,4.059617000166327
64,64,32,1,fp8_store_sk32,94.57492289942971,19.16677435029567,6.5024394495440685,2.2088220463752024,94.53336346547759,19.002518850824035,62.43388823895861,12.430217540618825,4.287442003260367
64,64,8,2,full_fp32_sk8,184.56884418855608,37.98354665163017,2.9432838307679495e-05,1.1960057546110036e-05,184.56884629003076,37.983547397147746,60.91230010858918,11.352471320957205,0.3522949991747737
64,64,16,2,full_fp32_sk16,143.6915395796455,26.933247905052234,3.148646553962361e-05,1.3338345233861989e-05,143.69153730965687,26.933246852240934,60.91230010858918,11.352471320957205,0.1856339949881658
64,64,24,2,full_fp32_sk24,100.98330574272902,17.72440223160946,2.216954528038415e-05,8.966782695954986e-06,100.98330651609513,17.724403530027548,60.91230010858918,11.352471320957205,0.11970800551353022
64,64,32,2,full_fp32_sk32,91.53454824041458,18.726014204413033,2.2793845809292024e-05,9.060358930740832e-06,91.53454754142442,18.72601463844695,60.91230010858918,11.352471320957205,0.12201999925309792
64,64,8,2,full_fp16_sk8,184.56884418855608,37.98354665163017,0.10310737012266614,0.04800149592577048,184.571454022483,37.98650776011909,60.91230010858918,11.352471320957205,0.7329689979087561
64,64,16,2,full_fp16_sk16,143.6915395796455,26.933247905052234,0.07537581652966584,0.02788640158525649,143.69864997834551,26.93073101668496,60.91230010858918,11.352471320957205,0.8988110057543963
64,64,24,2,full_fp16_sk24,100.98330574272902,17.72440223160946,0.0631743769110101,0.021687915869089507,100.97410820701887,17.723238766302323,60.91230010858918,11.352471320957205,0.9872759983409196
64,64,32,2,full_fp16_sk32,91.53454824041458,18.726014204413033,0.05537190290205591,0.02428907965340778,91.53553989507441,18.72925365200018,60.91230010858918,11.352471320957205,1.08136599737918
64,64,8,2,mixed_fp16_sk8,184.56884418855608,37.98354665163017,0.0947698127948593,0.029923498245936455,184.57149664334628,37.98547348831106,60.91230010858918,11.352471320957205,0.30213699938030913
64,64,16,2,mixed_fp16_sk16,143.6915395796455,26.933247905052234,0.06818356415894619,0.02193659477538815,143.69959507414205,26.933012567566237,60.91230010858918,11.352471320957205,0.4554070037556812
64,64,24,2,mixed_fp16_sk24,100.98330574272902,17.72440223160946,0.05808650559511674,0.015475548983017059,100.97519582429479,17.723715147683304,60.91230010858918,11.352471320957205,0.48399400111520663
64,64,32,2,mixed_fp16_sk32,91.53454824041458,18.726014204413033,0.05056575381927374,0.01615785251297269,91.53555458084264,18.727461627185747,60.91230010858918,11.352471320957205,0.6462820019805804
64,64,8,2,fp8_store_sk8,184.56884418855608,37.98354665163017,12.504416861298516,4.934488553369369,183.1406615898346,37.268131437791,60.91230010858918,11.352471320957205,1.1547280009835958
64,64,16,2,fp8_store_sk16,143.6915395796455,26.933247905052234,9.488338527846729,3.002855565601772,143.4704642931175,26.75532396537508,60.91230010858918,11.352471320957205,2.362765997531824
64,64,24,2,fp8_store_sk24,100.98330574272902,17.72440223160946,6.958164220178375,1.8525831253176333,100.32551976352715,17.51257187682602,60.91230010858918,11.352471320957205,2.5562410010024905
64,64,32,2,fp8_store_sk32,91.53454824041458,18.726014204413033,6.659826070539686,2.2267051622641056,91.44769914768465,18.33055535751461,60.91230010858918,11.352471320957205,2.8054329959559254
128,32,8,0,full_fp32_sk8,238.7844136550603,19.840149059937765,3.475218446077249e-05,9.913950608056105e-06,238.78442062134533,19.84015091201708,127.48926507063416,9.094013425230093,0.3328460006741807
128,32,16,0,full_fp32_sk16,176.0006432232198,14.635270221055627,3.3438656388848433e-05,6.425091519877719e-06,176.00064472480793,14.635271397434456,127.48926507063416,9.094013425230093,1.4714930002810434
128,32,24,0,full_fp32_sk24,145.41734559535456,11.841792766423964,2.843144532326765e-05,5.740221261758354e-06,145.4173478242173,11.841792267809096,127.48926507063416,9.094013425230093,1.4121159983915277
128,32,32,0,full_fp32_sk32,143.90833744076372,12.01237025376919,2.9298687276763007e-05,5.994067122145254e-06,143.90834108543524,12.01236991112484,127.48926507063416,9.094013425230093,0.4991169989807531
128,32,8,0,full_fp16_sk8,238.7844136550603,19.840149059937765,0.15524152058938734,0.0365181742694785,238.7798575817712,19.838437545563334,127.48926507063416,9.094013425230093,1.6755850010667928
128,32,16,0,full_fp16_sk16,176.0006432232198,14.635270221055627,0.11857177239161766,0.023136428815147454,175.9946190837571,14.634140079688276,127.48926507063416,9.094013425230093,1.9274730002507567
128,32,24,0,full_fp16_sk24,145.41734559535456,11.841792766423964,0.10401687239426478,0.01813622948638921,145.4154018137523,11.841149909009317,127.48926507063416,9.094013425230093,2.7293430030113086
128,32,32,0,full_fp16_sk32,143.90833744076372,12.01237025376919,0.1022197073320301,0.01735714604783303,143.91372303688073,12.013621651246384,127.48926507063416,9.094013425230093,2.700901997741312
128,32,8,0,mixed_fp16_sk8,238.7844136550603,19.840149059937765,0.13258311390870736,0.023523209799609222,238.78285215239788,19.842524131494315,127.48926507063416,9.094013425230093,1.1002050014212728
128,32,16,0,mixed_fp16_sk16,176.0006432232198,14.635270221055627,0.10048564716406613,0.01349940192462501,175.99442419354932,14.63492445119312,127.48926507063416,9.094013425230093,1.0589209996396676
128,32,24,0,mixed_fp16_sk24,145.41734559535456,11.841792766423964,0.08666565045601693,0.010609878549696394,145.41376844125267,11.841160135591513,127.48926507063416,9.094013425230093,0.9427519980818033
128,32,32,0,mixed_fp16_sk32,143.90833744076372,12.01237025376919,0.08489369648386971,0.0100398331036606,143.9136645342213,12.013607277838798,127.48926507063416,9.094013425230093,1.2834330045734532
128,32,8,0,fp8_store_sk8,238.7844136550603,19.840149059937765,16.19016718971413,2.4576826710742563,239.9524135417102,20.081369080094973,127.48926507063416,9.094013425230093,4.552414000499994
128,32,16,0,fp8_store_sk16,176.0006432232198,14.635270221055627,13.344789155247403,1.9418496011747464,174.32400160414593,14.183287423098216,127.48926507063416,9.094013425230093,2.911607996793464
128,32,24,0,fp8_store_sk24,145.41734559535456,11.841792766423964,11.065995057921299,1.2419143423548362,145.68753664419916,11.872350004804442,127.48926507063416,9.094013425230093,4.045277994009666
128,32,32,0,fp8_store_sk32,143.90833744076372,12.01237025376919,10.420096984506454,1.1881278104573276,144.27223580247673,12.070442976399447,127.48926507063416,9.094013425230093,5.389723999542184
128,32,8,1,full_fp32_sk8,267.895047847961,24.594647998470908,3.73566365015967e-05,8.39781788003805e-06,267.89504751781493,24.594646936767283,124.08058563530594,8.7759610188152,0.33434299984946847
128,32,16,1,full_fp32_sk16,170.36083510776226,13.709549886572397,2.944919784769379e-05,5.348518661761411e-06,170.36083852387014,13.709550263853306,124.08058563530594,8.7759610188152,0.23705200146650895
128,32,24,1,full_fp32_sk24,145.1612468755592,12.148412087742763,2.7801924523326785e-05,6.26066355247101e-06,145.16124941639876,12.148412860407413,124.08058563530594,8.7759610188152,0.40856599662220106
128,32,32,1,full_fp32_sk32,136.72964255439973,11.046000638417054,2.8710337226433933e-05,5.884077028723427e-06,136.72964669376913,11.046001481234114,124.08058563530594,8.7759610188152,0.21420599659904838
128,32,8,1,full_fp16_sk8,267.895047847961,24.594647998470908,0.16983808681747375,0.0358603350951466,267.8894955459774,24.59418539061142,124.08058563530594,8.7759610188152,1.6295070017804392
128,32,16,1,full_fp16_sk16,170.36083510776226,13.709549886572397,0.10791937176317082,0.02364334178564595,170.37115933230226,13.71048475504902,124.08058563530594,8.7759610188152,1.7878329963423312
128,32,24,1,full_fp16_sk24,145.1612468755592,12.148412087742763,0.10187349448792021,0.01814753883873408,145.15948671010628,12.14757455331577,124.08058563530594,8.7759610188152,1.9795949992840178
128,32,32,1,full_fp16_sk32,136.72964255439973,11.046000638417054,0.09733065712875368,0.018701827221124543,136.7273811380174,11.044951170597983,124.08058563530594,8.7759610188152,2.1492340019904077
128,32,8,1,mixed_fp16_sk8,267.895047847961,24.594647998470908,0.14392729755259012,0.02205851212719566,267.8898109791878,24.593103932542085,124.08058563530594,8.7759610188152,0.8210070009226911
128,32,16,1,mixed_fp16_sk16,170.36083510776226,13.709549886572397,0.08970710629382811,0.010525087448937076,170.37131590422442,13.709769110731623,124.08058563530594,8.7759610188152,0.5164469985174946
128,32,24,1,mixed_fp16_sk24,145.1612468755592,12.148412087742763,0.08475617549933463,0.0105083896723594,145.1596277066558,12.148577059353814,124.08058563530594,8.7759610188152,0.4968110006302595
128,32,32,1,mixed_fp16_sk32,136.72964255439973,11.046000638417054,0.07956611229465059,0.008804942867473258,136.72752373789282,11.045973005858828,124.08058563530594,8.7759610188152,0.6337999948300421
128,32,8,1,fp8_store_sk8,267.895047847961,24.594647998470908,19.34802662326916,2.779237068217436,265.34797353230243,24.46297436858526,124.08058563530594,8.7759610188152,1.224849998834543
128,32,16,1,fp8_store_sk16,170.36083510776226,13.709549886572397,11.572079474272568,1.3669040332889903,169.44360797233514,13.5055591765702,124.08058563530594,8.7759610188152,2.8706970042549074
128,32,24,1,fp8_store_sk24,145.1612468755592,12.148412087742763,10.564374526466665,1.2511774673496585,145.18071195552923,12.007457017927342,124.08058563530594,8.7759610188152,3.931058003217913
128,32,32,1,fp8_store_sk32,136.72964255439973,11.046000638417054,10.07723020875698,1.3029017371125526,135.96363604013942,10.732675070051924,124.08058563530594,8.7759610188152,5.641553005261812
128,32,8,2,full_fp32_sk8,223.002274152519,20.400639148511235,3.3969701179411015e-05,8.220803776382137e-06,223.00228137074507,20.400640339694878,123.33659193133673,8.354798486280716,0.24996000138344243
128,32,16,2,full_fp32_sk16,194.27052972116317,15.915460260915358,3.346759490060609e-05,6.899889327113342e-06,194.27053237900137,15.915461704988886,123.33659193133673,8.354798486280716,0.210860998777207
128,32,24,2,full_fp32_sk24,142.1773692950918,11.75243927983086,2.7757033327526156e-05,5.429081062568024e-06,142.17737270374508,11.752440266485959,123.33659193133673,8.354798486280716,0.238922999415081
128,32,32,2,full_fp32_sk32,123.49551454047842,8.96551963337752,2.652981142227399e-05,4.793501416600125e-06,123.49551602492102,8.965519929745003,123.33659193133673,8.354798486280716,0.23192999651655555
128,32,8,2,full_fp16_sk8,223.002274152519,20.400639148511235,0.14145792049526407,0.03355481381452633,223.00715378484233,20.40691338823267,123.33659193133673,8.354798486280716,1.6286949976347387
128,32,16,2,full_fp16_sk16,194.27052972116317,15.915460260915358,0.1238662733676451,0.02080024337826012,194.26842556422767,15.913947507038332,123.33659193133673,8.354798486280716,1.7505310024716891
128,32,24,2,full_fp16_sk24,142.1773692950918,11.75243927983086,0.10160242654419646,0.016966199429798327,142.17197483835713,11.751572291802502,123.33659193133673,8.354798486280716,5.667605000780895
128,32,32,2,full_fp16_sk32,123.49551454047842,8.96551963337752,0.08854260491012676,0.013611035121363095,123.4968321967991,8.965614994023817,123.33659193133673,8.354798486280716,3.242491999117192
128,32,8,2,mixed_fp16_sk8,223.002274152519,20.400639148511235,0.12186115891611585,0.02155223505130939,223.00654944154672,20.405581297512718,123.33659193133673,8.354798486280716,0.6578969987458549
128,32,16,2,mixed_fp16_sk16,194.27052972116317,15.915460260915358,0.10512247824654275,0.0135380722727071,194.2687218125577,15.913425688018092,123.33659193133673,8.354798486280716,0.8658209990244359
128,32,24,2,mixed_fp16_sk24,142.1773692950918,11.75243927983086,0.08654416356709396,0.009192533607631129,142.17225091763217,11.751363082602897,123.33659193133673,8.354798486280716,0.9561469996697269
128,32,32,2,mixed_fp16_sk32,123.49551454047842,8.96551963337752,0.07291002770016743,0.0077630733697737105,123.49721738700241,8.966076614016037,123.33659193133673,8.354798486280716,1.1617830023169518
128,32,8,2,fp8_store_sk8,223.002274152519,20.400639148511235,16.381414962630426,3.0494610042065604,219.6664826989382,19.505234274577372,123.33659193133673,8.354798486280716,3.244273000746034
128,32,16,2,fp8_store_sk16,194.27052972116317,15.915460260915358,13.413298991318792,1.5977706490804688,193.21684826710512,16.086613872666693,123.33659193133673,8.354798486280716,3.2070439992821775
128,32,24,2,fp8_store_sk24,142.1773692950918,11.75243927983086,10.721390223016169,1.3076926150824992,141.38158938172666,11.716556314288175,123.33659193133673,8.354798486280716,3.7944539944874123
128,32,32,2,fp8_store_sk32,123.49551454047842,8.96551963337752,9.731525539478255,0.9770398432837353,121.9521109363286,8.83225601698682,123.33659193133673,8.354798486280716,5.7813469975371845
128,64,8,0,full_fp32_sk8,350.5389685796935,43.283067612585995,5.776428799880924e-05,2.1509458031804254e-05,350.53897065352356,43.28306880624905,129.56832078154838,13.296506773914619,0.551468001503963
128,64,16,0,full_fp32_sk16,251.59569275006442,31.624175538963758,5.8702195497421685e-05,1.6959724865982994e-05,251.59569338717833,31.624175728882456,129.56832078154838,13.296506773914619,0.5185480040381663
128,64,24,0,full_fp32_sk24,227.50130523335946,28.611064145243606,5.0140190219139544e-05,1.527493920102785e-05,227.50130463124106,28.61106410239455,129.56832078154838,13.296506773914619,0.6220200011739507
128,64,32,0,full_fp32_sk32,188.12009170016296,22.57937468997872,4.6973245293367946e-05,1.2216131292431138e-05,188.12009046265186,22.579374430315234,129.56832078154838,13.296506773914619,0.477538000268396
128,64,8,0,full_fp16_sk8,350.5389685796935,43.283067612585995,0.20057168605433595,0.052783901802757494,350.52529696751185,43.28670066118436,129.56832078154838,13.296506773914619,3.8578700041398406
128,64,16,0,full_fp16_sk16,251.59569275006442,31.624175538963758,0.14365219272444324,0.03650180293521577,251.60626824793732,31.630907532713458,129.56832078154838,13.296506773914619,2.7341380045982078
128,64,24,0,full_fp16_sk24,227.50130523335946,28.611064145243606,0.13665599128000136,0.0349376006208469,227.51228218313355,28.61183363835264,129.56832078154838,13.296506773914619,3.0469260018435307
128,64,32,0,full_fp16_sk32,188.12009170016296,22.57937468997872,0.1176409300486143,0.03125545077978335,188.1246391952058,22.58383904037868,129.56832078154838,13.296506773914619,3.298693998658564
128,64,8,0,mixed_fp16_sk8,350.5389685796935,43.283067612585995,0.18713990469973482,0.03946924783032118,350.525358168735,43.28259071998752,129.56832078154838,13.296506773914619,1.0256879977532662
128,64,16,0,mixed_fp16_sk16,251.59569275006442,31.624175538963758,0.1303441941777749,0.024391722471449908,251.6065258308257,31.62803000256905,129.56832078154838,13.296506773914619,1.0709560010582209
128,64,24,0,mixed_fp16_sk24,227.50130523335946,28.611064145243606,0.12394597872591862,0.025137353157786372,227.51108071313476,28.610751914262625,129.56832078154838,13.296506773914619,1.1933799978578463
128,64,32,0,mixed_fp16_sk32,188.12009170016296,22.57937468997872,0.10788895260589204,0.02142930395482012,188.1247251279828,22.581441097465056,129.56832078154838,13.296506773914619,1.303861994529143
128,64,8,0,fp8_store_sk8,350.5389685796935,43.283067612585995,23.702781279321837,5.214650826863345,351.472006865454,43.05260108045075,129.56832078154838,13.296506773914619,2.5088809998123907
128,64,16,0,fp8_store_sk16,251.59569275006442,31.624175538963758,17.353490838428094,4.071909882295718,250.89013764932884,31.994815308687024,129.56832078154838,13.296506773914619,6.690531998174265
128,64,24,0,fp8_store_sk24,227.50130523335946,28.611064145243606,15.793317079152384,3.2755665919058963,227.7151963078636,28.441695762417787,129.56832078154838,13.296506773914619,6.323424000584055
128,64,32,0,fp8_store_sk32,188.12009170016296,22.57937468997872,13.534971925412489,2.3741580140132794,187.76068397118115,22.46945760208985,129.56832078154838,13.296506773914619,11.264825996477157
128,64,8,1,full_fp32_sk8,369.20010395903995,43.61735727013042,6.568356541052832e-05,1.9621553473154302e-05,369.2000999061613,43.61735860534109,127.03637206053003,11.974396813549157,0.4451950007933192
128,64,16,1,full_fp32_sk16,229.97132086180594,24.109651728706343,5.203536588524697e-05,1.3092487781946237e-05,229.97132282728376,24.10965184729699,127.03637206053003,11.974396813549157,0.8693210038472898
128,64,24,1,full_fp32_sk24,213.41617832206043,26.686185343573054,4.732051996195621e-05,1.2357821205222888e-05,213.4161773276255,26.686184962742868,127.03637206053003,11.974396813549157,1.572432003740687
128,64,32,1,full_fp32_sk32,185.59238991759818,20.670409219826833,4.7049275803265374e-05,1.2360513490425529e-05,185.5923915019035,20.670410796693144,127.03637206053003,11.974396813549157,0.6057279970264062
128,64,8,1,full_fp16_sk8,369.20010395903995,43.61735727013042,0.2171112449207297,0.06272542283017772,369.17489234558474,43.61025948866268,127.03637206053003,11.974396813549157,3.027507998922374
128,64,16,1,full_fp16_sk16,229.97132086180594,24.109651728706343,0.1359988704141462,0.03260925713912302,229.97831355995223,24.10870625595194,127.03637206053003,11.974396813549157,2.990975001011975
128,64,24,1,full_fp16_sk24,213.41617832206043,26.686185343573054,0.12737318296772415,0.03211030540785512,213.40789305350432,26.685096184963978,127.03637206053003,11.974396813549157,2.972189999127295
128,64,32,1,full_fp16_sk32,185.59238991759818,20.670409219826833,0.11303328907153949,0.02570106401449793,185.5953632293068,20.66846657221466,127.03637206053003,11.974396813549157,3.3727229965734296
128,64,8,1,mixed_fp16_sk8,369.20010395903995,43.61735727013042,0.20183145405461195,0.04617319791249996,369.17467494494605,43.61448997276409,127.03637206053003,11.974396813549157,0.7963840034790337
128,64,16,1,mixed_fp16_sk16,229.97132086180594,24.109651728706343,0.12523921958126633,0.022877055330003483,229.97770907930632,24.110610206673343,127.03637206053003,11.974396813549157,1.011430002108682
128,64,24,1,mixed_fp16_sk24,213.41617832206043,26.686185343573054,0.11645019201432463,0.02265726207060978,213.40899074266008,26.686753445240846,127.03637206053003,11.974396813549157,1.7701860051602125
128,64,32,1,mixed_fp16_sk32,185.59238991759818,20.670409219826833,0.10257699899630326,0.017477032014125142,185.59623056719343,20.670636855069077,127.03637206053003,11.974396813549157,2.0969729957869276
128,64,8,1,fp8_store_sk8,369.20010395903995,43.61735727013042,25.60722449096998,5.47879120768525,368.6130382558783,43.431969138975184,127.03637206053003,11.974396813549157,2.076932003546972
128,64,16,1,fp8_store_sk16,229.97132086180594,24.109651728706343,16.074340103057107,3.104367791517363,228.61106968612918,23.93356629394051,127.03637206053003,11.974396813549157,6.198456001584418
128,64,24,1,fp8_store_sk24,213.41617832206043,26.686185343573054,15.192672058323858,2.897230828244604,212.56801028870655,26.570941068112905,127.03637206053003,11.974396813549157,7.6302679954096675
128,64,32,1,fp8_store_sk32,185.59238991759818,20.670409219826833,13.344978204116105,2.2019326104333716,185.5009040550954,20.729472383096077,127.03637206053003,11.974396813549157,9.304567996878177
128,64,8,2,full_fp32_sk8,363.2758302910563,42.76818054697453,5.9275860914386625e-05,1.64910387066081e-05,363.2758304420983,42.76818136872708,125.96067209909813,12.165538915447106,0.41579100070521235
128,64,16,2,full_fp32_sk16,278.28718526780534,33.35657318527045,6.042519321716681e-05,1.8412416969139273e-05,278.28718717030375,33.35657320198167,125.96067209909813,12.165538915447106,1.7520700057502836
128,64,24,2,full_fp32_sk24,202.63348628770962,24.885851702473794,4.464585580945003e-05,1.1905491794554572e-05,202.6334886114983,24.885850857232978,125.96067209909813,12.165538915447106,0.43512199772521853
128,64,32,2,full_fp32_sk32,183.70264626092268,21.31760680290055,4.509557611323397e-05,1.2345850955363411e-05,183.7026454390481,21.31760518023668,125.96067209909813,12.165538915447106,0.28312200447544456
128,64,8,2,full_fp16_sk8,363.2758302910563,42.76818054697453,0.20348172417142418,0.05178267957947683,363.27779973143697,42.76984064847434,125.96067209909813,12.165538915447106,3.6489590056589805
128,64,16,2,full_fp16_sk16,278.28718526780534,33.35657318527045,0.15527175985613603,0.04179802334054362,278.2966872948986,33.36275412365355,125.96067209909813,12.165538915447106,4.617070000676904
128,64,24,2,full_fp16_sk24,202.63348628770962,24.885851702473794,0.12646746967182287,0.03038225519320691,202.6217448044385,24.886455123263662,125.96067209909813,12.165538915447106,3.398812004888896
128,64,32,2,full_fp16_sk32,183.70264626092268,21.31760680290055,0.11310608122046266,0.028522844846500594,183.70928507574376,21.316885492549858,125.96067209909813,12.165538915447106,3.579043004720006
128,64,8,2,mixed_fp16_sk8,363.2758302910563,42.76818054697453,0.18654809269462616,0.038035179024697684,363.2763384731011,42.76945693227658,125.96067209909813,12.165538915447106,0.8997810000437312
128,64,16,2,mixed_fp16_sk16,278.28718526780534,33.35657318527045,0.14101037802305957,0.03117773840203111,278.2971104259614,33.359231755834415,125.96067209909813,12.165538915447106,0.9525940040475689
128,64,24,2,mixed_fp16_sk24,202.63348628770962,24.885851702473794,0.11601254364531373,0.019153253084707476,202.6224507849537,24.88526357599579,125.96067209909813,12.165538915447106,1.2106069989386015
128,64,32,2,mixed_fp16_sk32,183.70264626092268,21.31760680290055,0.10288830153448404,0.019034879251920593,183.70812330013027,21.319444392865407,125.96067209909813,12.165538915447106,1.8161620027967729
128,64,8,2,fp8_store_sk8,363.2758302910563,42.76818054697453,25.21258983931047,5.537895531344044,362.38052737839365,42.90271691981155,125.96067209909813,12.165538915447106,4.7095879999687895
128,64,16,2,fp8_store_sk16,278.28718526780534,33.35657318527045,18.391879758013467,3.9358597289272255,277.79167089629243,33.37792876657954,125.96067209909813,12.165538915447106,5.321721997461282
128,64,24,2,fp8_store_sk24,202.63348628770962,24.885851702473794,14.472697919925386,2.779240057228455,201.37812508882175,24.725682352321773,125.96067209909813,12.165538915447106,5.856743999174796
128,64,32,2,fp8_store_sk32,183.70264626092268,21.31760680290055,13.024037970883695,2.380531555426518,183.10179487910287,21.408283920789017,125.96067209909813,12.165538915447106,9.020645993587095
256,32,8,0,full_fp32_sk8,482.76389927958576,26.003716506054424,7.091057739154519e-05,1.2293399835361596e-05,482.7639115267418,26.003717616455695,259.59867826204265,9.715687366199184,1.9241690024500713
256,32,16,0,full_fp32_sk16,365.68032502299985,17.730256706855826,6.812039772347695e-05,9.576308761185632e-06,365.68032924864696,17.73025621498957,259.59867826204265,9.715687366199184,1.7397560004610568
256,32,24,0,full_fp32_sk24,291.28009843018236,13.142683815382235,5.6826763432199525e-05,7.620390804784939e-06,291.2801028476288,13.142683979710453,259.59867826204265,9.715687366199184,0.8630779993836768
256,32,32,0,full_fp32_sk32,291.9021848295714,15.53768425160383,5.981398652398972e-05,9.549533437516654e-06,291.90218982891867,15.537683414260833,259.59867826204265,9.715687366199184,0.7221490013762377
256,32,8,0,full_fp16_sk8,482.76389927958576,26.003716506054424,0.31386648292083535,0.04926804251321126,482.746777448593,26.003604004134193,259.59867826204265,9.715687366199184,7.4465420038904995
256,32,16,0,full_fp16_sk16,365.68032502299985,17.730256706855826,0.23999474896108888,0.029076064799924268,365.66457310265906,17.731075211900325,259.59867826204265,9.715687366199184,7.666885998332873
256,32,24,0,full_fp16_sk24,291.28009843018236,13.142683815382235,0.20902243334396298,0.02254189840171408,291.2843215505473,13.141104835684338,259.59867826204265,9.715687366199184,11.431119004555512
256,32,32,0,full_fp16_sk32,291.9021848295714,15.53768425160383,0.21024269058234757,0.027491351462475493,291.90837279206977,15.535361939227338,259.59867826204265,9.715687366199184,11.344036996888462
256,32,8,0,mixed_fp16_sk8,482.76389927958576,26.003716506054424,0.27093884183226585,0.026480362791515957,482.74618542931387,26.0031286425193,259.59867826204265,9.715687366199184,1.3749600038863719
256,32,16,0,mixed_fp16_sk16,365.68032502299985,17.730256706855826,0.20010624635971663,0.01668659871678028,365.6645629388203,17.73030313303922,259.59867826204265,9.715687366199184,2.4851799971656874
256,32,24,0,mixed_fp16_sk24,291.28009843018236,13.142683815382235,0.17545208994230918,0.011148671207721153,291.2843419048772,13.142651458479786,259.59867826204265,9.715687366199184,9.460597000725102
256,32,32,0,mixed_fp16_sk32,291.9021848295714,15.53768425160383,0.17293222301396943,0.013318517009421386,291.90845786914934,15.5387856453717,259.59867826204265,9.715687366199184,3.872130997478962
256,32,8,0,fp8_store_sk8,482.76389927958576,26.003716506054424,32.66412526527576,3.596817371672591,483.64627188756515,26.402515431918196,259.59867826204265,9.715687366199184,11.55216500046663
256,32,16,0,fp8_store_sk16,365.68032502299985,17.730256706855826,26.49965135301674,2.258675149082819,362.40171606920177,17.26728680700515,259.59867826204265,9.715687366199184,9.98962300218409
256,32,24,0,fp8_store_sk24,291.28009843018236,13.142683815382235,22.067507026158076,1.5990865848435245,291.6479066155498,12.9310722129381,259.59867826204265,9.715687366199184,12.020529000437818
256,32,32,0,fp8_store_sk32,291.9021848295714,15.53768425160383,21.150966226280836,1.5418041221949517,293.23845845750725,15.502098009945044,259.59867826204265,9.715687366199184,9.234844001184683
256,32,8,1,full_fp32_sk8,539.6908788378805,30.77172974817564,7.389632903508558e-05,1.4500097479215187e-05,539.6908794580104,30.771729817010872,255.05961699293374,8.883522272762121,0.6654540047748014
256,32,16,1,full_fp32_sk16,367.7429525495189,16.938038303129435,6.58417493311854e-05,9.395638313056588e-06,367.74295753442834,16.938038482478856,255.05961699293374,8.883522272762121,1.1291569971945137
256,32,24,1,full_fp32_sk24,291.7082774431783,12.644308745535199,5.6657592009010726e-05,7.708763302275627e-06,291.7082809083788,12.644309628406429,255.05961699293374,8.883522272762121,0.9028249987750314
256,32,32,1,full_fp32_sk32,272.05585715290766,15.835003885558658,5.793992711632554e-05,9.205524578337443e-06,272.05586396397314,15.835004695923322,255.05961699293374,8.883522272762121,0.7869569963077083
256,32,8,1,full_fp16_sk8,539.6908788378805,30.77172974817564,0.34151637022971676,0.05207429905285103,539.6722781084687,30.76503021695347,255.05961699293374,8.883522272762121,7.057605005684309
256,32,16,1,full_fp16_sk16,367.7429525495189,16.938038303129435,0.23444688450614037,0.03129603895362394,367.7681545124969,16.94481651141924,255.05961699293374,8.883522272762121,8.849626996379811
256,32,24,1,full_fp16_sk24,291.7082774431783,12.644308745535199,0.21080912335170401,0.019814074319294325,291.70806652750093,12.644871849414798,255.05961699293374,8.883522272762121,6.5410859970143065
256,32,32,1,full_fp16_sk32,272.05585715290766,15.835003885558658,0.1948078941216594,0.024166814956119685,272.048562673709,15.833311804321358,255.05961699293374,8.883522272762121,10.26839100086363
256,32,8,1,mixed_fp16_sk8,539.6908788378805,30.77172974817564,0.2921803729818627,0.027355729808133666,539.6727774013274,30.76640875199961,255.05961699293374,8.883522272762121,1.387693002470769
256,32,16,1,mixed_fp16_sk16,367.7429525495189,16.938038303129435,0.19460079492717067,0.01607079808212764,367.7670854846848,16.94221709078891,255.05961699293374,8.883522272762121,1.114615995902568
256,32,24,1,mixed_fp16_sk24,291.7082774431783,12.644308745535199,0.17566483811413922,0.011904124468297781,291.7066960586858,12.64394853644498,255.05961699293374,8.883522272762121,1.4326970049296506
256,32,32,1,mixed_fp16_sk32,272.05585715290766,15.835003885558658,0.15994393440895205,0.011624758026525066,272.04762224679695,15.833909652067454,255.05961699293374,8.883522272762121,2.34388899843907
256,32,8,1,fp8_store_sk8,539.6908788378805,30.77172974817564,38.181022747322416,3.5951304884805446,534.9732578342387,31.17883266747475,255.05961699293374,8.883522272762121,2.9435659962473437
256,32,16,1,fp8_store_sk16,367.7429525495189,16.938038303129435,24.738889270403128,2.0491605831228012,364.7009089194881,16.47577791102168,255.05961699293374,8.883522272762121,3.760323001188226
256,32,24,1,fp8_store_sk24,291.7082774431783,12.644308745535199,21.856154484298518,1.4184340473925638,291.8235065732255,12.69684940116598,255.05961699293374,8.883522272762121,6.629602001339663
256,32,32,1,fp8_store_sk32,272.05585715290766,15.835003885558658,20.359327137702884,1.726969566856976,270.7616218330306,15.747090321821029,255.05961699293374,8.883522272762121,6.975472999329213
256,32,8,2,full_fp32_sk8,452.6034375442467,22.470665900019306,6.850219977243427e-05,1.090741619456782e-05,452.60345100654547,22.470667429727346,251.31599769854708,8.545361364583892,1.1006409986293875
256,32,16,2,full_fp32_sk16,387.44690551780604,18.533016610626987,6.747622655320598e-05,1.1268649007612114e-05,387.4469119121778,18.533017250561386,251.31599769854708,8.545361364583892,0.4522860035649501
256,32,24,2,full_fp32_sk24,289.17440524048646,14.01200168215666,5.676736410600435e-05,8.391805983395149e-06,289.17441225742215,14.012001182120773,251.31599769854708,8.545361364583892,0.4184139979770407
256,32,32,2,full_fp32_sk32,252.15080738964335,10.703648260793116,5.365719330847127e-05,6.416245542067712e-06,252.150810109998,10.703647936767343,251.31599769854708,8.545361364583892,0.42532799852779135
256,32,8,2,full_fp16_sk8,452.6034375442467,22.470665900019306,0.2856328431758283,0.03880501756506248,452.61220399637466,22.47771838303439,251.31599769854708,8.545361364583892,6.570384997758083
256,32,16,2,full_fp16_sk16,387.44690551780604,18.533016610626987,0.2475637810094136,0.030257503534021353,387.44864100567366,18.532766820318734,251.31599769854708,8.545361364583892,7.442182002705522
256,32,24,2,full_fp16_sk24,289.17440524048646,14.01200168215666,0.208933077522435,0.024363642992646203,289.16327875910645,14.014482314416872,251.31599769854708,8.545361364583892,7.574161994853057
256,32,32,2,full_fp16_sk32,252.15080738964335,10.703648260793116,0.18001093803147958,0.01904469787459533,252.15749948787854,10.704621498943864,251.31599769854708,8.545361364583892,12.735382006212603
256,32,8,2,mixed_fp16_sk8,452.6034375442467,22.470665900019306,0.24261814950158875,0.024042591945480352,452.60769115339093,22.475388386634446,251.31599769854708,8.545361364583892,1.7634090036153793
256,32,16,2,mixed_fp16_sk16,387.44690551780604,18.533016610626987,0.2078045324706507,0.016479399102217848,387.44713822703216,18.53188712317898,251.31599769854708,8.545361364583892,1.287033999687992
256,32,24,2,mixed_fp16_sk24,289.17440524048646,14.01200168215666,0.17642397807133686,0.013355087385405676,289.1636653791366,14.01205318156118,251.31599769854708,8.545361364583892,1.4382769950316288
256,32,32,2,mixed_fp16_sk32,252.15080738964335,10.703648260793116,0.14771839659700386,0.00908580588086676,252.15736101287706,10.704227843594065,251.31599769854708,8.545361364583892,1.797138997062575
256,32,8,2,fp8_store_sk8,452.6034375442467,22.470665900019306,32.6882008391762,3.100721907686389,445.42314326534887,21.54271908145787,251.31599769854708,8.545361364583892,1.7484999989392236
256,32,16,2,fp8_store_sk16,387.44690551780604,18.533016610626987,25.79845898963079,2.101182673769487,384.97648547801043,18.204955663075616,251.31599769854708,8.545361364583892,3.0987900026957504
256,32,24,2,fp8_store_sk24,289.17440524048646,14.01200168215666,21.665118692507303,1.6356109388204267,287.5374751646756,14.010594844337374,251.31599769854708,8.545361364583892,9.439337001822423
256,32,32,2,fp8_store_sk32,252.15080738964335,10.703648260793116,19.32299406681768,1.221359530993714,250.13083121606905,10.635148138086093,251.31599769854708,8.545361364583892,9.582857994246297
256,64,8,0,full_fp32_sk8,672.715245020763,46.44481838975988,0.00011312155527735021,2.424350569639014e-05,672.7152502598545,46.444819598976686,258.6682918524543,13.794194733404845,0.7569459994556382
256,64,16,0,full_fp32_sk16,505.29397051926213,38.949335375580844,0.0001179942265281011,2.56141549350033e-05,505.2939690999904,38.94933397655555,258.6682918524543,13.794194733404845,0.6496249989140779
256,64,24,0,full_fp32_sk24,443.53090052715714,36.04462492274698,9.801595447146464e-05,2.251300403352559e-05,443.5308998397881,36.04462580738079,258.6682918524543,13.794194733404845,0.5433740006992593
256,64,32,0,full_fp32_sk32,372.4446117289773,27.853456604260966,8.999243626323378e-05,1.6682445609361694e-05,372.4446110724934,27.853457287528446,258.6682918524543,13.794194733404845,1.7652800015639514
256,64,8,0,full_fp16_sk8,672.715245020763,46.44481838975988,0.39096749147122783,0.08072059154234622,672.6857843095249,46.439548381745205,258.6682918524543,13.794194733404845,12.535335998109076
256,64,16,0,full_fp16_sk16,505.29397051926213,38.949335375580844,0.2884281870775418,0.05467130820167967,505.3132982475305,38.95055628404688,258.6682918524543,13.794194733404845,11.729499005014077
256,64,24,0,full_fp16_sk24,443.53090052715714,36.04462492274698,0.2662236453245737,0.045804180337138324,443.5433974299272,36.046332575887796,258.6682918524543,13.794194733404845,10.97429000219563
256,64,32,0,full_fp16_sk32,372.4446117289773,27.853456604260966,0.23095551619987237,0.03566216239068521,372.45501217326444,27.855149075284885,258.6682918524543,13.794194733404845,10.6500810070429
256,64,8,0,mixed_fp16_sk8,672.715245020763,46.44481838975988,0.3621967058484384,0.0545756306828553,672.6848306873412,46.438711145251084,258.6682918524543,13.794194733404845,1.2301719980314374
256,64,16,0,mixed_fp16_sk16,505.29397051926213,38.949335375580844,0.26401903207811556,0.03732099158177179,505.313238722247,38.95192519646386,258.6682918524543,13.794194733404845,1.4633839964517392
256,64,24,0,mixed_fp16_sk24,443.53090052715714,36.04462492274698,0.2434189797359676,0.02796040053296735,443.5453135989889,36.047444904410106,258.6682918524543,13.794194733404845,1.94107300194446
256,64,32,0,mixed_fp16_sk32,372.4446117289773,27.853456604260966,0.21041272449834836,0.02432922169556594,372.4547350577469,27.857945540327165,258.6682918524543,13.794194733404845,2.8855849959654734
256,64,8,0,fp8_store_sk8,672.715245020763,46.44481838975988,46.8610610557851,5.865335930223161,674.2107445106609,46.39658742037165,258.6682918524543,13.794194733404845,4.823957999178674
256,64,16,0,fp8_store_sk16,505.29397051926213,38.949335375580844,34.62761938434407,4.984245881608017,504.0894447131325,38.67747746544709,258.6682918524543,13.794194733404845,10.40973999624839
256,64,24,0,fp8_store_sk24,443.53090052715714,36.04462492274698,30.633118383004987,3.623950154511743,444.48244262301387,36.67567074613649,258.6682918524543,13.794194733404845,12.50089400127763
256,64,32,0,fp8_store_sk32,372.4446117289773,27.853456604260966,26.27652611488374,2.981927545778397,371.9613977049907,27.749592568282374,258.6682918524543,13.794194733404845,14.413347998925019
256,64,8,1,full_fp32_sk8,770.5278261963838,57.91044483461193,0.00013143901489743258,3.1871973279761215e-05,770.5278224467597,57.91044429606295,257.99084252431726,13.110319571256134,2.1298389983712696
256,64,16,1,full_fp32_sk16,466.43361457536673,34.500392574631924,0.00010495730603907367,1.9442385746347016e-05,466.43361560109855,34.50039343019469,257.99084252431726,13.110319571256134,1.8444640008965507
256,64,24,1,full_fp32_sk24,418.58320030883806,31.45990022011708,9.307844810801058e-05,1.6732936472634036e-05,418.58319864123433,31.459901490794348,257.99084252431726,13.110319571256134,0.6067770009394735
256,64,32,1,full_fp32_sk32,378.92175131897176,25.927496248872455,9.514193421832041e-05,1.6674530652396146e-05,378.92175213490395,25.92749593628134,257.99084252431726,13.110319571256134,0.6273350008996204
256,64,8,1,full_fp16_sk8,770.5278261963838,57.91044483461193,0.4382207853488205,0.09052390609710255,770.4892614874833,57.9092513954148,257.99084252431726,13.110319571256134,9.532263000437524
256,64,16,1,full_fp16_sk16,466.43361457536673,34.500392574631924,0.2726365596328967,0.04769410181363905,466.4521699175941,34.49724873607386,257.99084252431726,13.110319571256134,10.5606369979796
256,64,24,1,full_fp16_sk24,418.58320030883806,31.45990022011708,0.2551435652155238,0.04111560003217354,418.57430595731677,31.45854886022054,257.99084252431726,13.110319571256134,11.108988997875713
256,64,32,1,full_fp16_sk32,378.92175131897176,25.927496248872455,0.22859148893490122,0.037046125688901595,378.9215408547798,25.92312804911719,257.99084252431726,13.110319571256134,11.89735899970401
256,64,8,1,mixed_fp16_sk8,770.5278261963838,57.91044483461193,0.4035933517345775,0.06354340737108764,770.4887257618095,57.907917553024596,257.99084252431726,13.110319571256134,1.3474529987433925
256,64,16,1,mixed_fp16_sk16,466.43361457536673,34.500392574631924,0.25011771987216525,0.030500733936278255,466.4514941205394,34.50143111245969,257.99084252431726,13.110319571256134,1.4235319977160543
256,64,24,1,mixed_fp16_sk24,418.58320030883806,31.45990022011708,0.23423509527023903,0.029065753836350027,418.57550822076655,31.460610102175497,257.99084252431726,13.110319571256134,1.8181979976361617
256,64,32,1,mixed_fp16_sk32,378.92175131897176,25.927496248872455,0.2065212046505555,0.02449999210746274,378.92173497838144,25.926284283807345,257.99084252431726,13.110319571256134,3.8427710023825057
256,64,8,1,fp8_store_sk8,770.5278261963838,57.91044483461193,52.33710760128418,8.59825713820074,767.4787356729619,56.87857423307849,257.99084252431726,13.110319571256134,7.512245996622369
256,64,16,1,fp8_store_sk16,466.43361457536673,34.500392574631924,32.11235381651607,4.029153621140355,462.7902517503977,33.51670008698397,257.99084252431726,13.110319571256134,8.615575003204867
256,64,24,1,fp8_store_sk24,418.58320030883806,31.45990022011708,29.84555392220702,3.9233990884423138,417.1121938324591,31.262402310384406,257.99084252431726,13.110319571256134,13.37513900216436
256,64,32,1,fp8_store_sk32,378.92175131897176,25.927496248872455,26.871328996946836,3.1660122843642817,378.3271677901403,25.77455749381464,257.99084252431726,13.110319571256134,16.830295004183426
256,64,8,2,full_fp32_sk8,722.6344431310445,58.483718347437204,0.00012093030040527793,2.8868492445425473e-05,722.6344446398012,58.48371778122629,249.9797092197321,12.473763093171605,0.4090529982931912
256,64,16,2,full_fp32_sk16,538.1309324034484,40.63940323263709,0.00011780042883885455,2.550344159428239e-05,538.1309340067457,40.63940628171423,249.9797092197321,12.473763093171605,0.5294910006341524
256,64,24,2,full_fp32_sk24,419.62174103273446,33.35974374994325,9.198313206597479e-05,1.814299041297586e-05,419.6217470631633,33.35974660423419,249.9797092197321,12.473763093171605,0.3892520035151392
256,64,32,2,full_fp32_sk32,360.0071907763237,23.624250377070663,8.891689292601987e-05,1.3904990482295953e-05,360.00718820778826,23.624249707143854,249.9797092197321,12.473763093171605,0.6767450031475164
256,64,8,2,full_fp16_sk8,722.6344431310445,58.483718347437204,0.4056318537933738,0.08864013434372692,722.6258853126069,58.48543109492068,249.9797092197321,12.473763093171605,8.639653002319392
256,64,16,2,full_fp16_sk16,538.1309324034484,40.63940323263709,0.29930252976832145,0.058152836412802215,538.1404300692612,40.643755023380514,249.9797092197321,12.473763093171605,12.072349003574345
256,64,24,2,full_fp16_sk24,419.62174103273446,33.35974374994325,0.2538461789015509,0.041195421511830387,419.6012613928801,33.355082544324084,249.9797092197321,12.473763093171605,11.799263003922533
256,64,32,2,full_fp16_sk32,360.0071907763237,23.624250377070663,0.21965573429099666,0.03201782172152582,360.0172416518479,23.6244954803911,249.9797092197321,12.473763093171605,14.237146999221295
256,64,8,2,mixed_fp16_sk8,722.6344431310445,58.483718347437204,0.3731566292736792,0.058803716349385755,722.6232303254187,58.48083709138783,249.9797092197321,12.473763093171605,1.3174519990570843
256,64,16,2,mixed_fp16_sk16,538.1309324034484,40.63940323263709,0.27183160173254867,0.03838898717918103,538.1413191508386,40.64382781570741,249.9797092197321,12.473763093171605,1.9833309997920878
256,64,24,2,mixed_fp16_sk24,419.62174103273446,33.35974374994325,0.23281876896810313,0.02790500545796581,419.6021384137178,33.3558746449748,249.9797092197321,12.473763093171605,2.440683005261235
256,64,32,2,mixed_fp16_sk32,360.0071907763237,23.624250377070663,0.19999708644837452,0.021071870601687862,360.016990190389,23.624197815216068,249.9797092197321,12.473763093171605,3.366060998814646
256,64,8,2,fp8_store_sk8,722.6344431310445,58.483718347437204,50.20763982189275,7.392185916105521,722.1907430044403,58.01332815454998,249.9797092197321,12.473763093171605,5.2427639966481365
256,64,16,2,fp8_store_sk16,538.1309324034484,40.63940323263709,35.69168604907539,5.171893134406234,536.4054954040205,39.58939817889636,249.9797092197321,12.473763093171605,7.128647004719824
256,64,24,2,fp8_store_sk24,419.62174103273446,33.35974374994325,29.02598441102437,3.4772590893021693,417.3898299244573,32.64677043088002,249.9797092197321,12.473763093171605,14.21705300163012
256,64,32,2,fp8_store_sk32,360.0071907763237,23.624250377070663,25.41512440159971,2.4623178005545983,359.77507846213103,23.60364231342583,249.9797092197321,12.473763093171605,16.4852689995314
